created,id,userName,password,email
1,133,elisa34128,lii5uJrZawS6txC,elisa34128@growth-tools.tk
1,134,kylian47990,E0Jg9IUeLy0UyuR,kylian47990@growth-tools.tk
1,138,manon96557,O8UxhAqebLBYg4n,manon96557@growth-tools.tk
1,139,yanis71632,917GkYeksjjxeUP,yanis71632@growth-tools.tk
1,140,noah13587,0wJOUXQJNUPCHtT,noah13587@growth-tools.tk
1,141,baptiste79781,B4dLIsIviy6I16T,baptiste79781@growth-tools.tk
1,143,lou78372,KGwG2mwNpy3QbFS,lou78372@growth-tools.tk
1,148,pierre95381,1KPr6rG_QozxnEM,pierre95381@growth-tools.tk
1,149,raphaël61317,hCpOAsZlusUAgyj,raphaël61317@growth-tools.tk
1,150,arthur61797,TwrVSaZ9QBixuzY,arthur61797@growth-tools.tk
1,151,mael56012,laAPEfW5eKQGiFD,mael56012@growth-tools.tk
1,152,ethan32205,FhYQNwI_lqQuDTA,ethan32205@growth-tools.tk
1,153,mael2426,2qDiyWs2BUPk0sk,mael2426@growth-tools.tk
1,154,julien19842,MCcNf27xLsoLMns,julien19842@growth-tools.tk
1,155,lina6417,jWcyHj9z7OCN4Lm,lina6417@growth-tools.tk
1,156,lola14490,kGSGsqhw0pJCnJY,lola14490@growth-tools.tk
1,157,raphaël3782,a0YqeiTHnvrgMLy,raphaël3782@growth-tools.tk
1,158,sacha15710,RK1bj1M0IWm0JQk,sacha15710@growth-tools.tk
1,159,mattéo29472,oRhBxXwYgJXXOQY,mattéo29472@growth-tools.tk
1,160,louna6616,EkeC07EFbypAqiI,louna6616@growth-tools.tk
1,161,pierre61818,l6kZzJc9J2oSe65,pierre61818@growth-tools.tk
1,162,clément77201,NGy9p_Njd51yECH,clément77201@growth-tools.tk
1,163,mathilde75094,jT5dYiALI_TK5nL,mathilde75094@growth-tools.tk
1,164,elisa23960,9tWoyyrqAdOZBco,elisa23960@growth-tools.tk
1,165,lena58994,ZH7dsZhbe9BajYs,lena58994@growth-tools.tk
1,166,léa12056,lo5JxDInPdRGgCF,léa12056@growth-tools.tk
1,167,louise39989,7znEm_hGoswUkCl,louise39989@growth-tools.tk
1,168,nicolas96161,7TG1WYmV_K5bx01,nicolas96161@growth-tools.tk
1,169,louis14774,DNTcZ43alsGOgQ9,louis14774@growth-tools.tk
1,170,alexandre14659,M2k1B3RiIn0ZKHc,alexandre14659@growth-tools.tk
1,171,evan98659,6Qc_5jnekLPAqHu,evan98659@growth-tools.tk
1,172,lisa32540,CG6RsP5PlVqthQq,lisa32540@growth-tools.tk
1,173,raphaël7385,8BJEW_LAkynYRti,raphaël7385@growth-tools.tk
1,174,juliette45352,vkd_CMlFrWpRIN6,juliette45352@growth-tools.tk
1,175,maëlle16675,xLDUD5AOSsLL2rs,maëlle16675@growth-tools.tk
1,176,pierre27767,exsJtyyX6zSVHVw,pierre27767@growth-tools.tk
1,177,baptiste10886,ZADWO2GW7cnsyyA,baptiste10886@growth-tools.tk
1,178,manon91839,Ha5H0NfZdJoHR16,manon91839@growth-tools.tk
1,179,victor55753,ujaRjWhJm1K_pOe,victor55753@growth-tools.tk
1,180,alexis48859,mnDgFcqGH2bjb7K,alexis48859@growth-tools.tk
1,181,evan24907,qBCN0f_BI2BJU0F,evan24907@growth-tools.tk
1,182,clara23531,sADz_KuskKjPYAl,clara23531@growth-tools.tk
1,183,tom56006,G9zNb5EIeh9hl3F,tom56006@growth-tools.tk
1,184,clémence20035,NQ1D7VohcxUbfxL,clémence20035@growth-tools.tk
1,185,arthur51653,k5UXTEJBT2kU0Hd,arthur51653@growth-tools.tk
1,186,romane21307,7caok0m_NythIkH,romane21307@growth-tools.tk
1,187,valentin96380,AbUmDxgoMeJAkoo,valentin96380@growth-tools.tk
1,188,romain81397,K1XZ_qxOGYsQnr1,romain81397@growth-tools.tk
1,189,romane203,qzZXLAAAFQ_0Ztc,romane203@growth-tools.tk
1,190,eva92390,aWGelTBb9zC5kxX,eva92390@growth-tools.tk
1,191,mathilde87646,zvhEFIJUSGpEnXK,mathilde87646@growth-tools.tk
1,192,julien18755,R9xxoNjUUw8DJhb,julien18755@growth-tools.tk
1,193,nathan17811,kJ3d1TJpOxxwKi4,nathan17811@growth-tools.tk
1,194,antoine60460,Wffs5Z6AJ0v8DeZ,antoine60460@growth-tools.tk
1,195,mael40197,Az7F1nZEzRpyc9S,mael40197@growth-tools.tk
1,196,romain22423,TqvLEaGC4rUexov,romain22423@growth-tools.tk
1,197,sacha59072,fiHeJIcvhzymUMb,sacha59072@growth-tools.tk
1,198,lina10793,iHnDWzgHWP2EKSw,lina10793@growth-tools.tk
1,199,emilie56890,2wMua3ZpQqieW6j,emilie56890@growth-tools.tk
1,200,célia3387,4LmdvGn_NF8goCq,célia3387@growth-tools.tk
1,201,marie53291,tsY73WL_KBNiIUQ,marie53291@growth-tools.tk
1,202,sacha52103,hLQlW_BDXwPIcrF,sacha52103@growth-tools.tk
1,203,hugo30656,6Y9tZXDTlfLhnjb,hugo30656@growth-tools.tk
1,204,clara48933,yBjLmCacEhNT3bX,clara48933@growth-tools.tk
1,205,hugo55847,KzQbdJvoqcC8uT8,hugo55847@growth-tools.tk
1,206,mael41318,d1KzYz_FHFgBY9g,mael41318@growth-tools.tk
1,207,baptiste11650,xOaaRAUApxdg9Fc,baptiste11650@growth-tools.tk
1,208,maëlle19687,QDvz2Ijc4ZPDhxh,maëlle19687@growth-tools.tk
1,209,victor13158,Pgcm77fL1x417Qk,victor13158@growth-tools.tk
1,210,valentin22468,bLrUu66PugBK_qW,valentin22468@growth-tools.tk
1,211,mattéo28445,A15yXaZ4ZpdPgbQ,mattéo28445@growth-tools.tk
1,212,lucas80496,7GE0sQuskkLc8A1,lucas80496@growth-tools.tk
1,213,zoe76951,biaYVTKPVP3WTNi,zoe76951@growth-tools.tk
1,214,océane83911,ebBOOC5OtOnOxKy,océane83911@growth-tools.tk
1,215,emilie65959,wUzj771pyxW8QO9,emilie65959@growth-tools.tk
1,216,lisa1008,ZM3zhhaScOL53TW,lisa1008@growth-tools.tk
1,217,léo8417,Hs6gT1iUL4oEtqh,léo8417@growth-tools.tk
1,218,rayan79817,YvSzBFWe902kIXs,rayan79817@growth-tools.tk
1,219,noémie36222,ac3i707y193nqWs,noémie36222@growth-tools.tk
1,220,hugo14956,wxQGgHx3euB3eB6,hugo14956@growth-tools.tk
1,221,jules60042,yMRs4OZ8rtmuBq2,jules60042@growth-tools.tk
1,222,tom84439,Im19jkG3GE_kIlt,tom84439@growth-tools.tk
1,223,justine1987,GWjqAXvzWmrjSM2,justine1987@growth-tools.tk
1,224,ines98100,WfD7VjKgodJl0_H,ines98100@growth-tools.tk
1,225,anaïs60332,_pm2QQD0SkzxhPb,anaïs60332@growth-tools.tk
1,226,anaïs10069,8A34uysyhoHpSdE,anaïs10069@growth-tools.tk
1,227,mattéo75920,iGycFE4klpr3VNR,mattéo75920@growth-tools.tk
1,228,julien85917,d7ByggdttOOjmdU,julien85917@growth-tools.tk
1,229,quentin5753,jS0zPwkAbZ0CO8z,quentin5753@growth-tools.tk
1,230,romain13243,9LLbEQqbdtKeB_d,romain13243@growth-tools.tk
1,231,anaïs98549,Gm8W32DYNHixgOo,anaïs98549@growth-tools.tk
1,232,manon12359,Fmav8xc3z9QwP5_,manon12359@growth-tools.tk
1,233,charlotte94698,iTp6ghreETptXwx,charlotte94698@growth-tools.tk
1,234,anaïs1719,eVe2fSrq3sn8Ku3,anaïs1719@growth-tools.tk
1,235,jade24247,QBQlsDXlpay1wuZ,jade24247@growth-tools.tk
1,236,océane57803,17p8rWkYbPPx_mH,océane57803@growth-tools.tk
1,237,romain1876,1Cmv5n5vlB47hGb,romain1876@growth-tools.tk
1,238,elisa27812,mg9TqkUUxbjm7lH,elisa27812@growth-tools.tk
1,239,jade42589,HKFUlQiSg0nlaEs,jade42589@growth-tools.tk
1,240,chloé7490,P3tAYSND31Zp_ok,chloé7490@growth-tools.tk
1,241,pauline4352,rXu5VgdUVw3LvRJ,pauline4352@growth-tools.tk
1,242,sacha33700,Njild9bt1Fl55Jc,sacha33700@growth-tools.tk
1,243,tom89540,qrLlrb5xVXLljHA,tom89540@growth-tools.tk
1,244,mael98374,_EDJjBkSB66uNd4,mael98374@growth-tools.tk
1,245,zoe89579,PyCZ0WUN6FyGNrC,zoe89579@growth-tools.tk
1,246,louis84419,rGZ0ChEBhitlXTT,louis84419@growth-tools.tk
1,247,mathéo98531,a0_Xjfy2r20rq0E,mathéo98531@growth-tools.tk
1,248,mohamed36246,ez28KFn29xbbGqp,mohamed36246@growth-tools.tk
1,249,lucie95541,w_kGEOAizv0N1n6,lucie95541@growth-tools.tk
1,250,raphaël67709,_9ZfbLCrQCu8bQN,raphaël67709@growth-tools.tk
1,251,gabriel87411,bBhSO_ASBKfyZxn,gabriel87411@growth-tools.tk
1,252,elisa28430,tCOVtKGP_FRn5DD,elisa28430@growth-tools.tk
1,253,ethan2695,OVRMTpdYTvtJ4SD,ethan2695@growth-tools.tk
1,254,emilie89735,PLep7bXfNO3EBij,emilie89735@growth-tools.tk
1,255,lina73416,krwAfFJZxK6zqLu,lina73416@growth-tools.tk
1,256,jules87147,i2CevLcixZAmuPO,jules87147@growth-tools.tk
1,257,mathéo84313,iYz0mxCP0dJdVBB,mathéo84313@growth-tools.tk
1,258,jules81133,hFahnHXsf1GU6se,jules81133@growth-tools.tk
1,259,valentin11839,JtYHYKUhfsSuphS,valentin11839@growth-tools.tk
1,260,mélissa64880,cbnx5XXO1MdpYwS,mélissa64880@growth-tools.tk
1,261,julien47029,O8D7QpJl6x2uzVV,julien47029@growth-tools.tk
1,262,paul1768,NaP0UBdpQVANW7T,paul1768@growth-tools.tk
1,263,mathilde98566,aQcogJOCOEmi1EA,mathilde98566@growth-tools.tk
1,264,alicia39035,8z9oUczbFRWuO5P,alicia39035@growth-tools.tk
1,265,alice91311,NoCfiF1cvZyKiW0,alice91311@growth-tools.tk
1,266,gabriel62400,Mj4KNmCDdH4vzuf,gabriel62400@growth-tools.tk
1,267,adrien32064,Mf_yWvY0Woy7cAK,adrien32064@growth-tools.tk
1,268,manon8992,tffMXzlERj985e5,manon8992@growth-tools.tk
1,269,clément28902,VdtuqRS8MtYLMYm,clément28902@growth-tools.tk
1,270,tom66938,7UiFvnoo7ASRHvO,tom66938@growth-tools.tk
1,271,juliette26880,gHGkM6cwdKGuv2C,juliette26880@growth-tools.tk
1,272,baptiste57776,jeFlgCPTDyFz1TV,baptiste57776@growth-tools.tk
1,273,alexandre43505,bM5gFHXHWxJiBIp,alexandre43505@growth-tools.tk
1,274,raphaël67890,BUVKdZ25huPCy2a,raphaël67890@growth-tools.tk
1,275,elisa54688,HGRDOLcW4XKkSk0,elisa54688@growth-tools.tk
1,276,louise52568,ouLPlN2wT3yrIbO,louise52568@growth-tools.tk
1,277,marie71488,gMTrn1mtUyXqdYZ,marie71488@growth-tools.tk
1,278,noémie40021,C7IAyT87Xn5oBMD,noémie40021@growth-tools.tk
1,279,lena69618,PKX_YxFU83_x0H4,lena69618@growth-tools.tk
1,280,théo79312,lNhSk0rxUXAAWTb,théo79312@growth-tools.tk
1,281,clara82537,bsxwNOKtGnJmYdD,clara82537@growth-tools.tk
1,282,gabriel51771,aEslQzQugHoq_JX,gabriel51771@growth-tools.tk
1,283,chloé20044,5mmvFi6098b8oXx,chloé20044@growth-tools.tk
1,284,jeanne86804,JTj4405CL6mvrQl,jeanne86804@growth-tools.tk
1,285,julie42653,KwnQ9wPu2AjZTG7,julie42653@growth-tools.tk
1,286,théo19281,JafaBCUK_GHYr91,théo19281@growth-tools.tk
1,287,maxime87610,tgWwnI098GVx5RE,maxime87610@growth-tools.tk
1,288,zoe2546,fbOulURGto6JjYZ,zoe2546@growth-tools.tk
1,289,mathilde62944,rqtrmynZmNV8JR1,mathilde62944@growth-tools.tk
1,290,célia52716,1l2_Xnc7X2ifgk5,célia52716@growth-tools.tk
1,291,antoine34268,IKQGjl_NPS2UUYu,antoine34268@growth-tools.tk
1,292,adrien81965,ysb265hNyx7Qppd,adrien81965@growth-tools.tk
1,293,hugo36823,U8rwXSvcYj8FTNJ,hugo36823@growth-tools.tk
1,294,zoe32767,vXkud5Xqh8CmZCN,zoe32767@growth-tools.tk
1,295,chloé93539,O7R7ZMufe_YKi49,chloé93539@growth-tools.tk
1,296,juliette19617,P_gFC5A5lSVSkz0,juliette19617@growth-tools.tk
1,297,camille35563,VtJlcERvetCF5oD,camille35563@growth-tools.tk
1,298,louna5585,e779A1IIX4WisTv,louna5585@growth-tools.tk
1,299,victor59621,Gkv95zgNa08JeFp,victor59621@growth-tools.tk
1,300,noa38073,cTphX_VLky7XT94,noa38073@growth-tools.tk
1,301,mattéo47612,IzPPAfe2Utvyblp,mattéo47612@growth-tools.tk
1,302,léa96078,WBU2mJdIa2BUtx6,léa96078@growth-tools.tk
1,303,arthur23766,cKCaH28yTgAqanm,arthur23766@growth-tools.tk
1,304,noémie74514,d0ONabzXU4t8vsr,noémie74514@growth-tools.tk
1,305,hugo59228,IN5m5WU5WxPvD8e,hugo59228@growth-tools.tk
1,306,clémence84829,Nips21BfhKvhLZz,clémence84829@growth-tools.tk
1,307,raphaël41576,9TZ2j4RbmHUHBwa,raphaël41576@growth-tools.tk
1,308,noah66503,TRjsdfgW33GvXOv,noah66503@growth-tools.tk
1,309,ambre87846,8K_Iz0Fej9n8v7w,ambre87846@growth-tools.tk
1,310,pierre33719,ToiydWwGeEQcVzV,pierre33719@growth-tools.tk
1,311,eva45221,5Y2GONrNLH_t0hK,eva45221@growth-tools.tk
1,312,jeanne80197,TQOLhBtrSu6kOpC,jeanne80197@growth-tools.tk
1,313,emilie51915,gwEendLg0fhRisT,emilie51915@growth-tools.tk
1,314,sarah40511,Egsq0MKz9Eq_YL1,sarah40511@growth-tools.tk
1,315,enzo58277,FmjF9hoXUuG3Jur,enzo58277@growth-tools.tk
1,316,alexis4548,LLwwSAREEvonFKr,alexis4548@growth-tools.tk
1,317,célia41760,6VIIPfEERI8ksb5,célia41760@growth-tools.tk
1,318,yanis37581,EfvS8fwb5F2XtwM,yanis37581@growth-tools.tk
1,319,carla48507,EP_Fv8QKV9IHEBH,carla48507@growth-tools.tk
1,320,lilou37325,KyQxaIStt6Ke_C3,lilou37325@growth-tools.tk
1,321,kylian73611,YSrgh8V3P5Pn7Vv,kylian73611@growth-tools.tk
1,322,camille39213,hHDI1rsHOi3OqlQ,camille39213@growth-tools.tk
1,323,pierre25823,Tl5d4puinV3mc2v,pierre25823@growth-tools.tk
1,324,emilie96373,QQ3urYr4KlLsWP1,emilie96373@growth-tools.tk
1,325,océane55910,98DChAgbkRBH8hV,océane55910@growth-tools.tk
1,326,benjamin60287,Oh_CjYrUrpZkgt5,benjamin60287@growth-tools.tk
1,327,antoine13409,orFDYg2WMUxPojN,antoine13409@growth-tools.tk
1,328,maeva30238,TGMiTpngaqLfH9M,maeva30238@growth-tools.tk
1,329,pauline26974,GxtqHiM0Snm93We,pauline26974@growth-tools.tk
1,330,océane83359,EXlJgUDOXHKsEmV,océane83359@growth-tools.tk
1,331,eva29612,FdY0oixpTnRYRcg,eva29612@growth-tools.tk
1,332,sacha31085,EHEXbxJM99S0EVA,sacha31085@growth-tools.tk
1,333,jade11176,zMXCRH3wVF0A3s7,jade11176@growth-tools.tk
1,334,théo70356,0X5Yrm6_XcYm92Y,théo70356@growth-tools.tk
1,335,nicolas12104,mrlz67vM6bM5CrX,nicolas12104@growth-tools.tk
1,336,maëlys12487,iZUOrZCuwnDJqBe,maëlys12487@growth-tools.tk
1,337,maxence62048,9cFHLVqOJQ1OAya,maxence62048@growth-tools.tk
1,338,théo52182,Ot_oFz8zyD_bZ05,théo52182@growth-tools.tk
1,339,benjamin89366,RLLZnERgvkpQ768,benjamin89366@growth-tools.tk
1,340,mathis79556,S8rtWhGfbgaX36D,mathis79556@growth-tools.tk
1,341,ambre58557,yLxybWsRhJC7rUj,ambre58557@growth-tools.tk
1,342,clara35013,vzoe3isltdIgRgy,clara35013@growth-tools.tk
1,343,manon58010,uih4gZ_7D3RXVf5,manon58010@growth-tools.tk
1,344,lena64035,sJt1RzATHI9yCsW,lena64035@growth-tools.tk
1,345,adrien53013,ihyDaqIF029JoOE,adrien53013@growth-tools.tk
1,346,emilie70301,Rpl3NKpkSwPLMqA,emilie70301@growth-tools.tk
1,347,juliette3586,yLyXFncsUfEN2Er,juliette3586@growth-tools.tk
1,348,alicia48533,xHmU1xFYI5OhDkS,alicia48533@growth-tools.tk
1,349,romane73311,DJUEwl49mwRVKB0,romane73311@growth-tools.tk
1,350,manon56336,PeR3ouCp4hZgRik,manon56336@growth-tools.tk
1,351,axel63123,B7X4SzSWrcxoJ9t,axel63123@growth-tools.tk
1,352,lilou49292,Wh0mG_g1TMYsOVn,lilou49292@growth-tools.tk
1,353,manon36572,lB876nJA6XbiKsA,manon36572@growth-tools.tk
1,354,evan14963,vbbza5qzVZTt9bV,evan14963@growth-tools.tk
1,355,jade61551,xEWnp_zef9EONt_,jade61551@growth-tools.tk
1,356,adam44446,cbXQeCM2SrUR6wr,adam44446@growth-tools.tk
1,357,pierre84444,JHLe54e2aeVI6ry,pierre84444@growth-tools.tk
1,358,antoine86585,EJc8yrtskflQAXA,antoine86585@growth-tools.tk
1,359,célia84995,o9DxnDgCR6gEwpR,célia84995@growth-tools.tk
1,360,baptiste43098,qlNChAJi3DcI2HD,baptiste43098@growth-tools.tk
1,361,julie99925,4Z1JY_7qg5_u_ix,julie99925@growth-tools.tk
1,362,victor27409,nlGXaw6avArlBVE,victor27409@growth-tools.tk
1,363,julien14786,NPB7esueOy3rfEv,julien14786@growth-tools.tk
1,364,marie21951,ypvmgfIHuvYOl2J,marie21951@growth-tools.tk
1,365,maëlle54373,i7TuvzAGMY8uDog,maëlle54373@growth-tools.tk
1,366,camille1234,eddnp62JeWwzA4s,camille1234@growth-tools.tk
1,367,maëlys29183,i9_3hYAVI4qaRYf,maëlys29183@growth-tools.tk
1,368,alicia26109,QZuGfUiHwbj0kw7,alicia26109@growth-tools.tk
1,369,mattéo96679,TLpcDTKepbU6Opp,mattéo96679@growth-tools.tk
1,370,nicolas22397,fUXccrxOnJMiPou,nicolas22397@growth-tools.tk
1,371,arthur15995,CnsAUY4UH1tFqlX,arthur15995@growth-tools.tk
1,372,romain18735,UFQyN7aoZSYeesy,romain18735@growth-tools.tk
1,373,mathilde29316,g50CyLCygKq6x91,mathilde29316@growth-tools.tk
1,374,rayan70522,7TsQGKoU6X020we,rayan70522@growth-tools.tk
1,375,lena1755,cN31T8HeeERZAlB,lena1755@growth-tools.tk
1,376,nicolas221,7FDhFKrl4LSmqVX,nicolas221@growth-tools.tk
1,377,zoe68181,a2z8AzRtlbgXDY7,zoe68181@growth-tools.tk
1,378,alicia96904,HBjP3C4XEOpY42Q,alicia96904@growth-tools.tk
1,379,laura70754,H6nizfwQN6YTNbq,laura70754@growth-tools.tk
1,380,mathéo72717,SZrfUX6WnyUevDB,mathéo72717@growth-tools.tk
1,381,clara31382,ssFKMPB_OirOCV1,clara31382@growth-tools.tk
1,382,enzo19144,r1adnlEO8bDSsqI,enzo19144@growth-tools.tk
1,383,zoe11883,enued9iJFCJQd3k,zoe11883@growth-tools.tk
1,384,océane83832,8FTtrl0JJROkYX0,océane83832@growth-tools.tk
1,385,gabriel45236,H3HeWy3KBNx0I5X,gabriel45236@growth-tools.tk
1,386,tom76545,05sNqdJeTm5BfVw,tom76545@growth-tools.tk
1,387,manon71226,Xvqmjk_QgZOXsx1,manon71226@growth-tools.tk
1,388,enzo43791,GYgB91VglN9fRA_,enzo43791@growth-tools.tk
1,389,eva3986,j_uZEiJXVi8Vayd,eva3986@growth-tools.tk
1,390,romain31581,L7BN8c6WMqBoGAH,romain31581@growth-tools.tk
1,391,rayan26332,lgiQu9RqBsFvLME,rayan26332@growth-tools.tk
1,392,clément49071,PrmJOdTAQFQ52_y,clément49071@growth-tools.tk
1,393,alexis34562,KaKxTeUUqkIhO_9,alexis34562@growth-tools.tk
1,394,pierre73035,siu1Ug2cP4WIUV9,pierre73035@growth-tools.tk
1,395,yanis39296,7dylhyRVDIHezpb,yanis39296@growth-tools.tk
1,396,léa51725,H1WA63G6nOvqKbF,léa51725@growth-tools.tk
1,397,evan32327,8UssiaypdkpSGka,evan32327@growth-tools.tk
1,398,océane1106,kblBFFQNV4J268H,océane1106@growth-tools.tk
1,399,benjamin55809,xuWlD2LAJFSuJwM,benjamin55809@growth-tools.tk
1,400,hugo44157,absryjLpvpTHyw8,hugo44157@growth-tools.tk
1,401,mélissa35828,k3b0VaJ_6Opx9lx,mélissa35828@growth-tools.tk
1,402,louise79785,NJQgaZUHs5Bys12,louise79785@growth-tools.tk
1,403,maxime22936,ViAnrwixReXIEql,maxime22936@growth-tools.tk
1,404,mattéo48420,eBpYBsm0fQVW87K,mattéo48420@growth-tools.tk
1,405,hugo38964,VywVwKEUBdFwCJe,hugo38964@growth-tools.tk
1,406,arthur65007,X8fWWNKe4kvMvZ1,arthur65007@growth-tools.tk
1,407,noa80241,olBEVwy8QozWM8b,noa80241@growth-tools.tk
1,408,léa864,0vY3opblJoTygtM,léa864@growth-tools.tk
1,409,jade99569,HarGtzr5zlJfbRd,jade99569@growth-tools.tk
1,410,jules25687,V9_LngUN7ZScM7Q,jules25687@growth-tools.tk
1,411,clémence82630,MJohppOl4OF3rfT,clémence82630@growth-tools.tk
1,412,paul3552,Hb5vJeVubSnefxt,paul3552@growth-tools.tk
1,413,rayan35773,qD8OOxWdvNxE4x9,rayan35773@growth-tools.tk
1,414,nathan30727,7gL49CmXRob22i0,nathan30727@growth-tools.tk
1,415,mattéo33187,wh7g4N_wj3GyAJT,mattéo33187@growth-tools.tk
1,416,romain4653,5WE3aISPQqGjnGg,romain4653@growth-tools.tk
1,417,lisa87991,TeNTkp0fnI7Cfi_,lisa87991@growth-tools.tk
1,418,quentin47602,z6jaX21VedbpzbM,quentin47602@growth-tools.tk
1,419,gabriel85522,l9Lfp8fXasYGsUY,gabriel85522@growth-tools.tk
1,420,antoine38876,rizwF9ePS24efjb,antoine38876@growth-tools.tk
1,421,mohamed33008,AmSHh7eFpxCZ0nz,mohamed33008@growth-tools.tk
1,422,maeva68276,WjCgWii04jw_htH,maeva68276@growth-tools.tk
1,423,lucie72195,S8i96EKejL80DfB,lucie72195@growth-tools.tk
1,424,alice84760,7VMaHczxin61G7g,alice84760@growth-tools.tk
1,425,romain5576,33Ft9HD5oGYOegs,romain5576@growth-tools.tk
1,426,laura3492,clM_HrSll9zURIg,laura3492@growth-tools.tk
1,427,chloé76199,zZkThME6LD_vGrW,chloé76199@growth-tools.tk
1,428,juliette51539,Co6VnJO1OQQTPmG,juliette51539@growth-tools.tk
1,429,marie50594,I1IxQ5jLxIJPRIz,marie50594@growth-tools.tk
1,430,marie51250,AEj3uNR0BzKYTii,marie51250@growth-tools.tk
1,431,benjamin16607,OFBJyQ4dA4ozcfu,benjamin16607@growth-tools.tk
1,432,lucie82499,G0xdFOzkQ4VmbZs,lucie82499@growth-tools.tk
1,433,lucie37024,UI65JLoD5ad5D2u,lucie37024@growth-tools.tk
1,434,yanis75781,FVPGaKd3WtkqxgD,yanis75781@growth-tools.tk
1,435,juliette49695,LLTA75n4FF_aYG3,juliette49695@growth-tools.tk
1,436,adam34977,YCXuKFFpYH3VJ1B,adam34977@growth-tools.tk
1,437,adrien79153,juj_B3u1XA5ESkv,adrien79153@growth-tools.tk
1,438,célia61163,AOSPZkoXmKcyZIG,célia61163@growth-tools.tk
1,439,maxence20086,wlTHxm4uGYX1d88,maxence20086@growth-tools.tk
1,440,célia59112,wcvrCLIUyw_n0en,célia59112@growth-tools.tk
1,441,mathéo23443,vGRulJIeuCfe55L,mathéo23443@growth-tools.tk
1,442,lola71668,WCiT96kQ0dwVYEL,lola71668@growth-tools.tk
1,443,romane62791,WUp1jLWB3e0MPU1,romane62791@growth-tools.tk
1,444,tom57930,TggrPb7n92d3Pec,tom57930@growth-tools.tk
1,445,rayan17695,hUe0QTbSCHzgjRF,rayan17695@growth-tools.tk
1,446,eva84861,9YHMRr7g6diGTTc,eva84861@growth-tools.tk
1,447,benjamin8766,GXOhrTIWulCBTuZ,benjamin8766@growth-tools.tk
1,448,kylian99934,Bo1ZHTwq33OzZPn,kylian99934@growth-tools.tk
1,449,sarah69039,AKAnXxYC79tDEN5,sarah69039@growth-tools.tk
1,450,emilie44429,ZpFFraXAuug84Xe,emilie44429@growth-tools.tk
1,451,zoe94953,1IvjD9KLdtLdlMm,zoe94953@growth-tools.tk
1,452,nathan14874,JTnlex1kiQuu5WS,nathan14874@growth-tools.tk
1,453,louis90239,ZHKloDTs7wNxpLT,louis90239@growth-tools.tk
1,454,eva61328,npYRBOaP4M0DK1s,eva61328@growth-tools.tk
1,455,océane71675,J1lsg5RllvgYL80,océane71675@growth-tools.tk
1,456,maeva94156,JT8Z3uTaql0l_P3,maeva94156@growth-tools.tk
1,457,léo21619,Z9ASFBGNkPgm24W,léo21619@growth-tools.tk
1,458,maxime53861,oHGwkcC7xBtznTR,maxime53861@growth-tools.tk
1,459,théo85944,R4NzYumPQqgy1KU,théo85944@growth-tools.tk
1,460,chloé33207,IoaE9xHaPOQbxuZ,chloé33207@growth-tools.tk
1,461,ethan41955,3UfpnJGFmSuSO1Q,ethan41955@growth-tools.tk
1,462,noah11426,NGl9PP6U9QBvzzc,noah11426@growth-tools.tk
1,463,romane25843,vw84F3RLwCisova,romane25843@growth-tools.tk
1,464,evan24685,LE7mIDo7d9YJtdf,evan24685@growth-tools.tk
1,465,noah75126,XfsAZQPigRDXAww,noah75126@growth-tools.tk
1,466,eva49491,ANoF4BwNcpu_4cJ,eva49491@growth-tools.tk
1,467,alice6448,776fj3xDb4cjX6C,alice6448@growth-tools.tk
1,468,carla82753,gIFXQz8UDe3qUDq,carla82753@growth-tools.tk
1,469,mathéo39379,nKQgfu7hHwo7TPQ,mathéo39379@growth-tools.tk
1,470,océane49350,RgacgVpsxVY2peX,océane49350@growth-tools.tk
1,471,yanis82096,8gzD_GVsJ4XO4d3,yanis82096@growth-tools.tk
1,472,lucie31898,SNmUFhxtujJp0f2,lucie31898@growth-tools.tk
1,473,ethan63008,9uhc3mWXCqQkg7F,ethan63008@growth-tools.tk
1,474,carla95100,32xfdHCrMGwlrid,carla95100@growth-tools.tk
1,475,paul30925,0Y1IGkwyBosmJkx,paul30925@growth-tools.tk
1,476,anaïs64014,WpX5BZH8UYxeWaO,anaïs64014@growth-tools.tk
1,477,enzo81344,YUe9NIprXVMgcrY,enzo81344@growth-tools.tk
1,478,mélissa2502,6Ea3c5wvd3JrUeJ,mélissa2502@growth-tools.tk
1,479,anaïs45989,orqmVulp9u5fwfd,anaïs45989@growth-tools.tk
1,480,mathilde35160,LywRnY3CdKUGRyL,mathilde35160@growth-tools.tk
1,481,emilie32314,YH7zoy287lAKiI1,emilie32314@growth-tools.tk
1,482,lina39048,8lhgQC6I1ZlcfB7,lina39048@growth-tools.tk
1,483,juliette96117,QviBIJO7aY2sBYv,juliette96117@growth-tools.tk
1,484,adam26047,PsVllHnmQHcmjyp,adam26047@growth-tools.tk
1,485,chloé49332,77H6I2GyG3opDVz,chloé49332@growth-tools.tk
1,486,noah67018,B076xAoUJBlDGsJ,noah67018@growth-tools.tk
1,487,julien58669,iKGzZlv7X5FB0X2,julien58669@growth-tools.tk
1,488,adam91233,XWYp1DMUT6U1b1I,adam91233@growth-tools.tk
1,489,lena93286,lcxeq3S_ooVwwhv,lena93286@growth-tools.tk
1,490,justine43047,oow_xU2rxJtyWPd,justine43047@growth-tools.tk
1,491,arthur71195,wsqGQAaexFWgF1o,arthur71195@growth-tools.tk
1,492,alexis46488,vzb18xCDsMBVy5V,alexis46488@growth-tools.tk
1,493,mael3730,CoGULnZDQOsU2Wb,mael3730@growth-tools.tk
1,494,louis68141,wv3J8V6QVc2egQb,louis68141@growth-tools.tk
1,495,tom53234,6n2rsTwa_jTuaBV,tom53234@growth-tools.tk
1,496,clara88008,5oQTJiy1cXANtET,clara88008@growth-tools.tk
1,497,baptiste44970,NeZIuy1X2b2H4hv,baptiste44970@growth-tools.tk
1,498,pierre17980,NVIxadFj5Lkmob5,pierre17980@growth-tools.tk
1,499,sarah87087,K2f2lEpxr_VtrYp,sarah87087@growth-tools.tk
1,500,mathis16856,xo3vRzzGRTihtgF,mathis16856@growth-tools.tk
1,501,mattéo31253,aSlbY7w6KayJt26,mattéo31253@growth-tools.tk
1,502,eva41288,jzvn54IyVqpZBtR,eva41288@growth-tools.tk
1,503,lucas65717,ItCyLMElDvkhPKY,lucas65717@growth-tools.tk
1,504,lucie52414,Gpu0RwDpLALqmFI,lucie52414@growth-tools.tk
1,505,julien79595,e8kiP_O9g6XWYsh,julien79595@growth-tools.tk
1,506,lou10535,0h2f_dBSPu3pJJk,lou10535@growth-tools.tk
1,507,antoine20198,cw7R2UH0rRHBGnJ,antoine20198@growth-tools.tk
1,508,léa83110,8zwTlhzJpO7Dx1s,léa83110@growth-tools.tk
1,509,clara94530,gSYAZ1qeEZZOWz2,clara94530@growth-tools.tk
1,510,camille74616,kv3Nylr5rquHNoZ,camille74616@growth-tools.tk
1,511,thomas99336,wKjrh0mDnD7YNfH,thomas99336@growth-tools.tk
1,512,adrien52362,naUZVvOrPCAzutV,adrien52362@growth-tools.tk
1,513,lena94624,zC9VTxusBvCyVcY,lena94624@growth-tools.tk
1,514,sacha33713,eEmIZpTD02HRSF4,sacha33713@growth-tools.tk
1,515,manon91029,ucMmO09yjqSzi71,manon91029@growth-tools.tk
1,516,maëlle67672,IUTVXQFfeWOH24_,maëlle67672@growth-tools.tk
1,517,romain2426,ttrP2GPEQbhk0n6,romain2426@growth-tools.tk
1,518,anaïs22183,KcshECE2B6VQG2P,anaïs22183@growth-tools.tk
1,519,clémence66168,mxO8Y2_vbmIIu3h,clémence66168@growth-tools.tk
1,520,clément78191,IiisHRbjQiod8aw,clément78191@growth-tools.tk
1,521,alicia59914,IQHCLjAjo6Vkul0,alicia59914@growth-tools.tk
1,522,nathan35837,nyoxO8J_XjhLGd5,nathan35837@growth-tools.tk
1,523,victor91555,z1jzNDVgpW2Jqme,victor91555@growth-tools.tk
1,524,emilie51508,H8TOoyfTEpqKO5C,emilie51508@growth-tools.tk
1,525,raphaël33165,3BAbvmReWXkw8Sl,raphaël33165@growth-tools.tk
1,526,noah2413,YRHl0FdZxI7obsl,noah2413@growth-tools.tk
1,527,chloé84441,wod3S8EgYtN9C7w,chloé84441@growth-tools.tk
1,528,benjamin7170,j5yD69PmLnCJKvp,benjamin7170@growth-tools.tk
1,529,lisa3253,WPV8vLo23IpuzVe,lisa3253@growth-tools.tk
1,530,léa82983,8W4oms7r07dY2pp,léa82983@growth-tools.tk
1,531,tom53759,DAyUd0PZrtI73J4,tom53759@growth-tools.tk
1,532,elisa29561,WnMEeDxaIeZoeOv,elisa29561@growth-tools.tk
1,533,maëlys83153,5v_In3kON9LStqW,maëlys83153@growth-tools.tk
1,534,carla38865,FGb09WaD6no2ECl,carla38865@growth-tools.tk
1,535,emilie11712,bCyDBALYd7j2ETr,emilie11712@growth-tools.tk
1,536,eva1250,3_vKXgfk1Pu08p7,eva1250@growth-tools.tk
1,537,maëlle46969,EY69aWEF42MCV_E,maëlle46969@growth-tools.tk
1,538,mathéo16550,T2vrgww0MXCi0fv,mathéo16550@growth-tools.tk
1,539,lola81588,SOAb6TND_pyxacJ,lola81588@growth-tools.tk
1,540,jules76896,GnbN0AkBNNmZHO4,jules76896@growth-tools.tk
1,541,romain6751,iZQCXxGAgZ0msWE,romain6751@growth-tools.tk
1,542,thomas14480,ojjJ22d4MXxJ1zo,thomas14480@growth-tools.tk
1,543,alice48380,0VwONP44LPedsHO,alice48380@growth-tools.tk
1,544,océane16052,egxEgpAaXjlsBR7,océane16052@growth-tools.tk
1,545,tom83344,EFS54BnnCe0iHi8,tom83344@growth-tools.tk
1,546,antoine71328,iDHkrn9hddqoy9Y,antoine71328@growth-tools.tk
1,547,evan57403,NlBlNKLbRdx9x8q,evan57403@growth-tools.tk
1,548,paul3248,ktZdqSdx3fxSj3S,paul3248@growth-tools.tk
1,549,axel12866,eD2nqBecsImnjNk,axel12866@growth-tools.tk
1,550,sarah91671,iyRPj5hV8ZEgOc6,sarah91671@growth-tools.tk
1,551,louise22616,7c33gXwCHqzZRcL,louise22616@growth-tools.tk
1,552,noémie49762,no4ndrSHCN7uAI7,noémie49762@growth-tools.tk
1,553,maxime21390,ET09xpxu4G1aIP8,maxime21390@growth-tools.tk
1,554,mattéo84833,casupIFuxTXNq12,mattéo84833@growth-tools.tk
1,555,lina99665,m3M89UI7pNgYQRS,lina99665@growth-tools.tk
1,556,raphaël91140,Z3jke1nkCaBW4iQ,raphaël91140@growth-tools.tk
1,557,evan17135,HxQO8oxYqhT_B4P,evan17135@growth-tools.tk
1,558,théo92233,bPa8GbieDXyr3ot,théo92233@growth-tools.tk
1,559,alexandre95281,bSDk6TdtP9fEHKB,alexandre95281@growth-tools.tk
1,560,lina97106,ep67WBT8BQPPncO,lina97106@growth-tools.tk
1,561,clément24848,rNeUAunWpccvZjJ,clément24848@growth-tools.tk
1,562,lina64794,OVUq5q0BAYl0pTG,lina64794@growth-tools.tk
1,563,juliette69377,Pu3go_qtiADu8HP,juliette69377@growth-tools.tk
1,564,mael92894,OfXy5Mr2dH1vegM,mael92894@growth-tools.tk
1,565,lucas6106,g3ivgtI3wPVJcAo,lucas6106@growth-tools.tk
1,566,elisa9014,1V4cWGppTgp5NLv,elisa9014@growth-tools.tk
1,567,rayan55943,UJnS5dEg_3fnkzg,rayan55943@growth-tools.tk
1,568,arthur68582,c57LDpaN5GHmhTY,arthur68582@growth-tools.tk
1,569,ines28735,a6YGfe8UeTV0mNK,ines28735@growth-tools.tk
1,570,océane2403,lqCzup8pmu10KtP,océane2403@growth-tools.tk
1,571,clara52889,0fBCuMWikjodY65,clara52889@growth-tools.tk
1,572,nathan8413,6nZc7Hn47FJBQUO,nathan8413@growth-tools.tk
1,573,mathilde65879,221JoY6ZKTc_Kqr,mathilde65879@growth-tools.tk
1,574,louna99880,jqviC6fiRYt_zGp,louna99880@growth-tools.tk
1,575,louna31719,yOLTm6PoJVqLidI,louna31719@growth-tools.tk
1,576,louise88925,0pqJPuCcDB5F1mi,louise88925@growth-tools.tk
1,577,célia58432,wwobzZKlgpT8YXq,célia58432@growth-tools.tk
1,578,mattéo83691,IIxZfZpMoWKZ9ax,mattéo83691@growth-tools.tk
1,579,kylian55655,AwtFRfrLETJ6Zaj,kylian55655@growth-tools.tk
1,580,juliette22337,JbKexoOlJMHewqy,juliette22337@growth-tools.tk
1,581,louis24616,qwDMozkXASxGqd5,louis24616@growth-tools.tk
1,582,léa90158,V4CeeR59bgjp4aI,léa90158@growth-tools.tk
1,583,alexandre96040,4LSw06KeJYEfGr2,alexandre96040@growth-tools.tk
1,584,victor75741,b0SRaSjIu0IKS0P,victor75741@growth-tools.tk
1,585,emilie56298,G4HdVg1G4R9bwjW,emilie56298@growth-tools.tk
1,586,sarah60116,j1EBZ1tuujgov99,sarah60116@growth-tools.tk
1,587,enzo37634,z2MDa1sL4scwzp4,enzo37634@growth-tools.tk
1,588,camille61533,tbsObhOqFjaefLq,camille61533@growth-tools.tk
1,589,jade50841,zZEpxs4xdTPV1x4,jade50841@growth-tools.tk
1,590,lola42243,RZKc3xQSn2degXZ,lola42243@growth-tools.tk
1,591,antoine16712,od7Ty2S24Wcx_fI,antoine16712@growth-tools.tk
1,592,nicolas50232,lWc8X08SLJNFLqx,nicolas50232@growth-tools.tk
1,593,zoe13423,Npqb_lFcn07JkxI,zoe13423@growth-tools.tk
1,594,rayan5294,qXYuNrvNYPlBI2A,rayan5294@growth-tools.tk
1,595,carla46641,KXkZQDFH8WQGKGZ,carla46641@growth-tools.tk
1,596,camille3976,AjEt8YwzRXg9y8e,camille3976@growth-tools.tk
1,597,evan16645,lppbwSWW_NMhiEh,evan16645@growth-tools.tk
1,598,léa82830,yp0ebhsHL7M2KXs,léa82830@growth-tools.tk
1,599,quentin96085,QEO2GuZv9WZglEI,quentin96085@growth-tools.tk
1,600,jade1145,5D4RQuM9SORfXUK,jade1145@growth-tools.tk
1,601,léa48525,T2TvQIot8tFpw48,léa48525@growth-tools.tk
1,602,léa83425,8PM_aebucxxlhS7,léa83425@growth-tools.tk
1,603,léa66449,qHfdJkr3sDJxcg1,léa66449@growth-tools.tk
1,604,alice84286,02aK7qJt3W4BuSz,alice84286@growth-tools.tk
1,605,valentin75415,AQjxFkWCMPh5fST,valentin75415@growth-tools.tk
1,606,marie37782,1Q0XxSi108mvK1Z,marie37782@growth-tools.tk
1,607,hugo59747,V5zcZW0QOEfOHJw,hugo59747@growth-tools.tk
1,608,tom73185,Z5_eGTI5hpEMr4p,tom73185@growth-tools.tk
1,609,charlotte63377,mROYrYRJvVRSA9Y,charlotte63377@growth-tools.tk
1,610,ethan77378,adjEf3szmQFekgG,ethan77378@growth-tools.tk
1,611,nathan17187,8Ds5FkIbTmeXWuJ,nathan17187@growth-tools.tk
1,612,manon47929,CEwQNolgYSrUH5A,manon47929@growth-tools.tk
1,613,lucas28087,55zkE5rdsWC7yim,lucas28087@growth-tools.tk
1,614,louna66910,N7axGUsgYB5Iuzr,louna66910@growth-tools.tk
1,615,clara51860,EEjQPfpgcDxtowy,clara51860@growth-tools.tk
1,616,gabriel79665,3IAuoU8uNmNPBzj,gabriel79665@growth-tools.tk
1,617,lina8553,77H7vl21ZpD1_YY,lina8553@growth-tools.tk
1,618,axel42157,Ssk1X0OYYY26kLq,axel42157@growth-tools.tk
1,619,enzo3111,o9_QFCaXdWJEbf3,enzo3111@growth-tools.tk
1,620,romane261,Gb7MaJiaJFKbTF_,romane261@growth-tools.tk
1,621,adam2435,vj0lJ9PE4SfRmnY,adam2435@growth-tools.tk
1,622,juliette83503,oEyIMWLGZjRFhGS,juliette83503@growth-tools.tk
1,623,elisa68509,V0rUgqDw0MCs0hI,elisa68509@growth-tools.tk
1,624,maëlys8197,3REbLJ0qXKzWsXR,maëlys8197@growth-tools.tk
1,625,lilou53846,h_cTwQf5Rxm36Pl,lilou53846@growth-tools.tk
1,626,maxime60957,9uFLhwcEkow9t0w,maxime60957@growth-tools.tk
1,627,louise50247,cFWurILyDXx77m4,louise50247@growth-tools.tk
1,628,romain31932,gDhdY7w2cn6dvvt,romain31932@growth-tools.tk
1,629,axel69480,D_iuBSC3Omftazg,axel69480@growth-tools.tk
1,630,sacha15033,teR298aslA8k6rj,sacha15033@growth-tools.tk
1,631,antoine20595,kgIPViUBo0nO4o2,antoine20595@growth-tools.tk
1,632,kylian83508,dGYPxVQIpypKONz,kylian83508@growth-tools.tk
1,633,jeanne81546,Kbi5AY5SCVPgOkQ,jeanne81546@growth-tools.tk
1,634,alexis67869,i0Ls0kIDFPSZpQ8,alexis67869@growth-tools.tk
1,635,arthur42136,KIpSbKJnqOu34Gl,arthur42136@growth-tools.tk
1,636,pauline85086,Y8ShTKnSy4mvPek,pauline85086@growth-tools.tk
1,637,mathis5440,J7Qzyi7oT7ysAvW,mathis5440@growth-tools.tk
1,638,anaïs1659,6NaCrRGCX6_NO29,anaïs1659@growth-tools.tk
1,639,lola14564,ZDMdbHGmW3Yif4o,lola14564@growth-tools.tk
1,640,rayan83885,3wA5DJFQFWfNf1N,rayan83885@growth-tools.tk
1,641,lucas26831,ZHb2sC8wtvy3RGU,lucas26831@growth-tools.tk
1,642,eva81029,jHmrVHuPxul3FBx,eva81029@growth-tools.tk
1,643,lina69915,_TociaGcb37PorU,lina69915@growth-tools.tk
1,644,arthur99502,s3KxWZHa4qlYYi1,arthur99502@growth-tools.tk
1,645,noah53167,A3V7nTly8mcikJZ,noah53167@growth-tools.tk
1,646,noémie33780,bGjeRlqF56D7fmk,noémie33780@growth-tools.tk
1,647,thomas26247,Es7aCXhR77WUoFU,thomas26247@growth-tools.tk
1,648,victor23594,ChfFZ7AK9TMFpcz,victor23594@growth-tools.tk
